{
  "credit": "Made with Blockbench",
  "parent": "pointeddripstone",
  "elements": [
    {
      "from": [
        1.3285,
        0,
        7.51525
      ],
      "to": [
        15.3285,
        16,
        7.51525
      ],
      "rotation": {
        "angle": -45,
        "axis": "y",
        "origin": [
          8.22348,
          8,
          7.76992
        ]
      },
      "faces": {
        "north": {
          "uv": [
            0,
            16,
            16,
            0
          ],
          "texture": "#0"
        },
        "east": {
          "uv": [
            0,
            0,
            0,
            11
          ],
          "texture": "#missing"
        },
        "south": {
          "uv": [
            1,
            16,
            16,
            0
          ],
          "texture": "#0"
        },
        "west": {
          "uv": [
            0,
            0,
            0,
            11
          ],
          "texture": "#missing"
        },
        "up": {
          "uv": [
            0,
            0,
            11,
            0
          ],
          "texture": "#missing"
        },
        "down": {
          "uv": [
            0,
            0,
            11,
            0
          ],
          "texture": "#missing"
        }
      }
    },
    {
      "from": [
        0.96881,
        0,
        7.7649
      ],
      "to": [
        15.96881,
        16,
        7.7649
      ],
      "rotation": {
        "angle": 45,
        "axis": "y",
        "origin": [
          8.22348,
          8,
          7.76992
        ]
      },
      "faces": {
        "north": {
          "uv": [
            0,
            16,
            16,
            0
          ],
          "texture": "#0"
        },
        "east": {
          "uv": [
            0,
            0,
            0,
            11
          ],
          "texture": "#missing"
        },
        "south": {
          "uv": [
            0,
            16,
            16,
            0
          ],
          "texture": "#0"
        },
        "west": {
          "uv": [
            0,
            0,
            0,
            11
          ],
          "texture": "#missing"
        },
        "up": {
          "uv": [
            0,
            0,
            11,
            0
          ],
          "texture": "#missing"
        },
        "down": {
          "uv": [
            0,
            0,
            11,
            0
          ],
          "texture": "#missing"
        }
      }
    }
  ],
  "display": {
    "thirdperson_righthand": {
      "translation": [
        0,
        2,
        0
      ],
      "scale": [
        0.5,
        0.5,
        0.5
      ]
    },
    "thirdperson_lefthand": {
      "translation": [
        0,
        2,
        0
      ],
      "scale": [
        0.5,
        0.5,
        0.5
      ]
    },
    "firstperson_righthand": {
      "rotation": [
        0,
        0,
        10
      ],
      "translation": [
        1,
        -1,
        0
      ],
      "scale": [
        0.5,
        0.5,
        0.5
      ]
    },
    "firstperson_lefthand": {
      "rotation": [
        0,
        0,
        10
      ],
      "translation": [
        1,
        -1,
        0
      ],
      "scale": [
        0.5,
        0.5,
        0.5
      ]
    },
    "ground": {
      "translation": [
        0,
        6,
        0
      ]
    },
    "gui": {
      "rotation": [
        0,
        45,
        0
      ]
    },
    "head": {
      "translation": [
        0,
        14.25,
        0
      ]
    },
    "fixed": {
      "translation": [
        0,
        0,
        -1
      ]
    }
  }
}