{
  "credit": "Made with Blockbench",
  "elements": [
    {
      "from": [
        0,
        0.2,
        0
      ],
      "to": [
        16,
        0.2,
        16
      ],
      "faces": {
        "north": {
          "uv": [
            0,
            0,
            16,
            0
          ],
          "rotation": 180,
          "texture": "#missing"
        },
        "east": {
          "uv": [
            0,
            0,
            0,
            16
          ],
          "rotation": 270,
          "texture": "#missing"
        },
        "south": {
          "uv": [
            0,
            0,
            16,
            0
          ],
          "texture": "#missing"
        },
        "west": {
          "uv": [
            0,
            0,
            0,
            16
          ],
          "rotation": 90,
          "texture": "#missing"
        },
        "up": {
          "uv": [
            0,
            0,
            16,
            16
          ],
          "rotation": 180,
          "texture": "#0"
        },
        "down": {
          "uv": [
            0,
            0,
            16,
            16
          ],
          "texture": "#0"
        }
      }
    }
  ],
  "display": {
    "thirdperson_righthand": {
      "translation": [
        0,
        3.5,
        -1
      ],
      "scale": [
        0.5,
        0.5,
        0.5
      ]
    },
    "thirdperson_lefthand": {
      "translation": [
        0,
        3.5,
        -1
      ],
      "scale": [
        0.5,
        0.5,
        0.5
      ]
    },
    "firstperson_righthand": {
      "rotation": [
        0,
        -60,
        0
      ],
      "translation": [
        7.5,
        2,
        -3.5
      ],
      "scale": [
        0.5,
        0.5,
        0.5
      ]
    },
    "firstperson_lefthand": {
      "rotation": [
        0,
        -60,
        0
      ],
      "translation": [
        7.5,
        2,
        -3.5
      ],
      "scale": [
        0.5,
        0.5,
        0.5
      ]
    },
    "ground": {
      "translation": [
        0,
        5,
        0
      ],
      "scale": [
        0.5,
        0.5,
        0.5
      ]
    },
    "gui": {
      "rotation": [
        90,
        0,
        0
      ]
    },
    "head": {
      "rotation": [
        90,
        0,
        0
      ],
      "translation": [
        0,
        -0.25,
        1
      ]
    },
    "fixed": {
      "translation": [
        0,
        0,
        -2
      ]
    }
  }
}