{
  "credit": "Made with Blockbench",
  "elements": [
    {
      "from": [
        0,
        0,
        15.8
      ],
      "to": [
        16,
        16,
        15.8
      ],
      "faces": {
        "north": {
          "uv": [
            0,
            0,
            16,
            16
          ],
          "texture": "#0"
        },
        "east": {
          "uv": [
            0,
            0,
            0,
            16
          ],
          "texture": "#missing"
        },
        "south": {
          "uv": [
            0,
            0,
            16,
            16
          ],
          "texture": "#0"
        },
        "west": {
          "uv": [
            0,
            0,
            0,
            16
          ],
          "texture": "#missing"
        },
        "up": {
          "uv": [
            0,
            0,
            16,
            0
          ],
          "texture": "#missing"
        },
        "down": {
          "uv": [
            0,
            0,
            16,
            0
          ],
          "texture": "#missing"
        }
      }
    }
  ],
  "display": {
    "thirdperson_righthand": {
      "translation": [
        0,
        1.5,
        -3.5
      ],
      "scale": [
        0.5,
        0.5,
        0.5
      ]
    },
    "thirdperson_lefthand": {
      "translation": [
        0,
        1.5,
        -3.5
      ],
      "scale": [
        0.5,
        0.5,
        0.5
      ]
    },
    "firstperson_righthand": {
      "rotation": [
        0,
        -60,
        0
      ],
      "translation": [
        7.5,
        -1,
        -3.5
      ],
      "scale": [
        0.5,
        0.5,
        0.5
      ]
    },
    "firstperson_lefthand": {
      "rotation": [
        0,
        -60,
        0
      ],
      "translation": [
        7.5,
        -1,
        -3.5
      ],
      "scale": [
        0.5,
        0.5,
        0.5
      ]
    },
    "ground": {
      "scale": [
        0.5,
        0.5,
        0.5
      ]
    },
    "head": {
      "rotation": [
        90,
        0,
        0
      ],
      "translation": [
        0,
        15,
        0
      ]
    },
    "fixed": {
      "translation": [
        0,
        0,
        -8.25
      ]
    }
  }
}