{
  "credit": "Made with Blockbench",
  "elements": [
    {
      "from": [
        3.5,
        5,
        1
      ],
      "to": [
        19.5,
        16,
        1
      ],
      "rotation": {
        "angle": -45,
        "axis": "y",
        "origin": [
          1,
          5,
          1
        ]
      },
      "faces": {
        "north": {
          "uv": [
            0,
            0,
            16,
            11
          ],
          "texture": "#0"
        },
        "east": {
          "uv": [
            0,
            0,
            0,
            11
          ],
          "texture": "#missing"
        },
        "south": {
          "uv": [
            0,
            0,
            16,
            11
          ],
          "texture": "#0"
        },
        "west": {
          "uv": [
            0,
            0,
            0,
            11
          ],
          "texture": "#missing"
        },
        "up": {
          "uv": [
            0,
            0,
            16,
            0
          ],
          "texture": "#missing"
        },
        "down": {
          "uv": [
            0,
            0,
            16,
            0
          ],
          "texture": "#missing"
        }
      }
    },
    {
      "from": [
        -7,
        5,
        11.5
      ],
      "to": [
        9,
        16,
        11.5
      ],
      "rotation": {
        "angle": 45,
        "axis": "y",
        "origin": [
          1,
          5,
          1
        ]
      },
      "faces": {
        "north": {
          "uv": [
            0,
            0,
            16,
            11
          ],
          "texture": "#0"
        },
        "east": {
          "uv": [
            0,
            0,
            0,
            11
          ],
          "texture": "#missing"
        },
        "south": {
          "uv": [
            0,
            0,
            16,
            11
          ],
          "texture": "#0"
        },
        "west": {
          "uv": [
            0,
            0,
            0,
            11
          ],
          "texture": "#missing"
        },
        "up": {
          "uv": [
            0,
            0,
            16,
            0
          ],
          "texture": "#missing"
        },
        "down": {
          "uv": [
            0,
            0,
            16,
            0
          ],
          "texture": "#missing"
        }
      }
    }
  ],
  "display": {
    "thirdperson_righthand": {
      "translation": [
        -0.25,
        -0.5,
        0
      ],
      "scale": [
        0.5,
        0.5,
        0.5
      ]
    },
    "thirdperson_lefthand": {
      "translation": [
        0.25,
        -0.5,
        0
      ],
      "scale": [
        0.5,
        0.5,
        0.5
      ]
    },
    "firstperson_righthand": {
      "rotation": [
        0,
        6,
        0
      ],
      "scale": [
        0.5,
        0.5,
        0.5
      ]
    },
    "firstperson_lefthand": {
      "rotation": [
        0,
        7,
        0
      ],
      "scale": [
        0.5,
        0.5,
        0.5
      ]
    },
    "gui": {
      "rotation": [
        0,
        46,
        0
      ],
      "translation": [
        -0.75,
        0,
        0
      ]
    },
    "head": {
      "translation": [
        0,
        11.5,
        0
      ]
    },
    "fixed": {
      "translation": [
        0,
        -3,
        -0.75
      ]
    }
  }
}