{
  "powder_snow_bucket": {
    "category": "block",
    "sounds": [
      {
        "name": "cu:powder_snow_bucket",
        "stream": false
      }
    ]
  },
  "axolotl_nage": {
    "category": "master",
    "sounds": [
      {
        "name": "cu:axolotl_nage",
        "stream": false
      }
    ]
  },
  "axolotl_mort": {
    "category": "master",
    "sounds": [
      {
        "name": "cu:axolotl_mort",
        "stream": false
      }
    ]
  },
  "axolotl_attaque": {
    "category": "master",
    "sounds": [
      {
        "name": "cu:axolotl_attaque",
        "stream": false
      }
    ]
  },
  "axolotl_vie": {
    "category": "master",
    "sounds": [
      {
        "name": "cu:axolotl_vie",
        "stream": false
      }
    ]
  },
  "goat_attack": {
    "category": "master",
    "sounds": [
      {
        "name": "cu:goat_charge",
        "stream": false
      }
    ]
  },
  "poser_de_leau_avec_seau": {
    "category": "block",
    "sounds": [
      {
        "name": "cu:poser_de_leau_sound",
        "stream": false
      }
    ]
  },
  "des_cris_de_la_chevre": {
    "category": "master",
    "sounds": [
      {
        "name": "cu:au_hasard_des_cris_de_la_chevre_sound",
        "stream": false
      }
    ]
  },
  "chevre_hurlante_preparant_le_belier": {
    "category": "master",
    "sounds": [
      {
        "name": "cu:chevre_hurlante_preparant_le_belier_sound",
        "stream": false
      }
    ]
  },
  "chevre_blesser": {
    "category": "master",
    "sounds": [
      {
        "name": "cu:la_chevre_qui_crie_se_blesse_sound",
        "stream": false
      }
    ]
  },
  "mort_des_chevres": {
    "category": "master",
    "sounds": [
      {
        "name": "cu:mortalite_reguliere_des_chevres_sound",
        "stream": false
      }
    ]
  },
  "sauts_longs_des_chevres": {
    "category": "master",
    "sounds": [
      {
        "name": "cu:sauts_longs_reguliers_des_chevres_sound",
        "stream": false
      }
    ]
  },
  "un_joueur_traie_une_chevre": {
    "category": "master",
    "sounds": [
      {
        "name": "cu:un_joueur_traie_une_chevre_ordinaire_sound",
        "stream": false
      }
    ]
  },
  "marche_chevre": {
    "category": "master",
    "sounds": [
      {
        "name": "cu:marche_chevre_sound",
        "stream": false
      }
    ]
  },
  "block_de_cuivre_place": {
    "category": "block",
    "sounds": [
      {
        "name": "cu:block_de_cuivre_place",
        "stream": false
      }
    ]
  },
  "block_de_cuivre_minage": {
    "category": "block",
    "sounds": [
      {
        "name": "cu:block_de_cuivre_minage",
        "stream": false
      }
    ]
  },
  "block_de_cuivre_footstep": {
    "category": "block",
    "sounds": [
      {
        "name": "cu:block_de_cuivre_footstep",
        "stream": false
      }
    ]
  },
  "block_de_cuivre_degat_de_chute": {
    "category": "block",
    "sounds": [
      {
        "name": "cu:block_de_cuivre_degat_de_chute",
        "stream": false
      }
    ]
  },
  "block_de_cuivre_casse": {
    "category": "block",
    "sounds": [
      {
        "name": "cu:block_de_cuivre_casse",
        "stream": false
      }
    ]
  },
  "block_amethyste_place": {
    "category": "block",
    "sounds": [
      {
        "name": "cu:block_amethyste_place",
        "stream": false
      }
    ]
  },
  "block_amethyste_minage": {
    "category": "block",
    "sounds": [
      {
        "name": "cu:block_amethyste_minage",
        "stream": false
      }
    ]
  },
  "block_amethyste_footstep": {
    "category": "block",
    "sounds": [
      {
        "name": "cu:block_amethyste_footstep",
        "stream": false
      }
    ]
  },
  "block_amethyste_degat_de_chute": {
    "category": "block",
    "sounds": [
      {
        "name": "cu:block_amethyste_degat_de_chute",
        "stream": false
      }
    ]
  },
  "block_amethyste_casse": {
    "category": "block",
    "sounds": [
      {
        "name": "cu:block_amethyste_casse",
        "stream": false
      }
    ]
  },
  "sculk_sensor_place": {
    "category": "block",
    "sounds": [
      {
        "name": "cu:sculk_sensor_place",
        "stream": false
      }
    ]
  },
  "sculk_sensor_minage": {
    "category": "block",
    "sounds": [
      {
        "name": "cu:sculk_sensor_minage",
        "stream": false
      }
    ]
  },
  "sculk_sensor_footstep": {
    "category": "block",
    "sounds": [
      {
        "name": "cu:sculk_sensor_footstep",
        "stream": false
      }
    ]
  },
  "sculk_sensor_degat_de_chute": {
    "category": "block",
    "sounds": [
      {
        "name": "cu:sculk_sensor_degat_de_chute",
        "stream": false
      }
    ]
  },
  "sculk_sensor_casse": {
    "category": "block",
    "sounds": [
      {
        "name": "cu:sculk_sensor_casse",
        "stream": false
      }
    ]
  },
  "sculk_sensor_desactive": {
    "category": "ambient",
    "sounds": [
      {
        "name": "cu:sculk_sensor_desactive",
        "stream": false
      }
    ]
  },
  "sculk_sensor_active": {
    "category": "ambient",
    "sounds": [
      {
        "name": "cu:sculk_sensor_active",
        "stream": false
      }
    ]
  },
  "calcite_place": {
    "category": "block",
    "sounds": [
      {
        "name": "cu:calcite_place",
        "stream": false
      }
    ]
  },
  "calcite_minage": {
    "category": "block",
    "sounds": [
      {
        "name": "cu:calcite_minage",
        "stream": false
      }
    ]
  },
  "calcite_footstep": {
    "category": "block",
    "sounds": [
      {
        "name": "cu:calcite_footstep",
        "stream": false
      }
    ]
  },
  "calcite_degat_de_chute": {
    "category": "block",
    "sounds": [
      {
        "name": "cu:calcite_degat_de_chute",
        "stream": false
      }
    ]
  },
  "calcite_casse": {
    "category": "block",
    "sounds": [
      {
        "name": "cu:calcite_casse",
        "stream": false
      }
    ]
  },
  "basalt_lisse_place": {
    "category": "block",
    "sounds": [
      {
        "name": "cu:basalt_lisse_place",
        "stream": false
      }
    ]
  },
  "basalt_lisse_minage": {
    "category": "block",
    "sounds": [
      {
        "name": "cu:basalt_lisse_minage",
        "stream": false
      }
    ]
  },
  "basalt_lisse_footstep": {
    "category": "block",
    "sounds": [
      {
        "name": "cu:basalt_lisse_footstep",
        "stream": false
      }
    ]
  },
  "basalt_lisse_degat_de_chute": {
    "category": "block",
    "sounds": [
      {
        "name": "cu:basalt_lisse_degat_de_chute",
        "stream": false
      }
    ]
  },
  "basalt_lisse_casse": {
    "category": "block",
    "sounds": [
      {
        "name": "cu:basalt_lisse_casse",
        "stream": false
      }
    ]
  },
  "dripstone_block_place": {
    "category": "block",
    "sounds": [
      {
        "name": "cu:dripstone_block_place",
        "stream": false
      }
    ]
  },
  "dripstone_block_minage": {
    "category": "block",
    "sounds": [
      {
        "name": "cu:dripstone_block_minage",
        "stream": false
      }
    ]
  },
  "dripstone_block_footstep": {
    "category": "block",
    "sounds": [
      {
        "name": "cu:dripstone_block_footstep",
        "stream": false
      }
    ]
  },
  "dripstone_block_degat_de_chute": {
    "category": "block",
    "sounds": [
      {
        "name": "cu:dripstone_block_degat_de_chute",
        "stream": false
      }
    ]
  },
  "dripstone_block_casse": {
    "category": "block",
    "sounds": [
      {
        "name": "cu:dripstone_block_casse",
        "stream": false
      }
    ]
  },
  "azalea_place": {
    "category": "block",
    "sounds": [
      {
        "name": "cu:azalea_place",
        "stream": false
      }
    ]
  },
  "azalea_minage": {
    "category": "block",
    "sounds": [
      {
        "name": "cu:azalea_minage",
        "stream": false
      }
    ]
  },
  "azalea_footstep": {
    "category": "block",
    "sounds": [
      {
        "name": "cu:azalea_footstep",
        "stream": false
      }
    ]
  },
  "azalea_degat_de_chute": {
    "category": "block",
    "sounds": [
      {
        "name": "cu:azalea_degat_de_chute",
        "stream": false
      }
    ]
  },
  "azalea_casse": {
    "category": "block",
    "sounds": [
      {
        "name": "cu:azalea_casse",
        "stream": false
      }
    ]
  },
  "deepslate_place": {
    "category": "block",
    "sounds": [
      {
        "name": "cu:deepslate_place",
        "stream": false
      }
    ]
  },
  "deepslate_minage": {
    "category": "block",
    "sounds": [
      {
        "name": "cu:deepslate_minage",
        "stream": false
      }
    ]
  },
  "deepslate_footstep": {
    "category": "block",
    "sounds": [
      {
        "name": "cu:deepslate_footstep",
        "stream": false
      }
    ]
  },
  "deepslate_degat_de_chute": {
    "category": "block",
    "sounds": [
      {
        "name": "cu:deepslate_degat_de_chute",
        "stream": false
      }
    ]
  },
  "deepslate_casse": {
    "category": "block",
    "sounds": [
      {
        "name": "cu:deepslate_casse",
        "stream": false
      }
    ]
  },
  "cave_vines_place": {
    "category": "block",
    "sounds": [
      {
        "name": "cu:cave_vines_place",
        "stream": false
      }
    ]
  },
  "cave_vines_minage": {
    "category": "block",
    "sounds": [
      {
        "name": "cu:cave_vines_minage",
        "stream": false
      }
    ]
  },
  "cave_vines_footstep": {
    "category": "block",
    "sounds": [
      {
        "name": "cu:cave_vines_footstep",
        "stream": false
      }
    ]
  },
  "cave_vines_degat_de_chute": {
    "category": "block",
    "sounds": [
      {
        "name": "cu:cave_vines_degat_de_chute",
        "stream": false
      }
    ]
  },
  "cave_vines_casse": {
    "category": "block",
    "sounds": [
      {
        "name": "cu:cave_vines_casse",
        "stream": false
      }
    ]
  },
  "glow_berries_pop": {
    "category": "ambient",
    "sounds": [
      {
        "name": "cu:glow_berries_pop",
        "stream": false
      }
    ]
  },
  "moss_block_place": {
    "category": "block",
    "sounds": [
      {
        "name": "cu:moss_block_place",
        "stream": false
      }
    ]
  },
  "moss_block_minage": {
    "category": "block",
    "sounds": [
      {
        "name": "cu:moss_block_minage",
        "stream": false
      }
    ]
  },
  "moss_block_footstep": {
    "category": "block",
    "sounds": [
      {
        "name": "cu:moss_block_footstep",
        "stream": false
      }
    ]
  },
  "moss_block_degat_de_chute": {
    "category": "block",
    "sounds": [
      {
        "name": "cu:moss_block_degat_de_chute",
        "stream": false
      }
    ]
  },
  "moss_block_casse": {
    "category": "block",
    "sounds": [
      {
        "name": "cu:moss_block_casse",
        "stream": false
      }
    ]
  },
  "big_dripleaf_place": {
    "category": "block",
    "sounds": [
      {
        "name": "cu:big_dripleaf_place",
        "stream": false
      }
    ]
  },
  "big_dripleaf_minage": {
    "category": "block",
    "sounds": [
      {
        "name": "cu:big_dripleaf_minage",
        "stream": false
      }
    ]
  },
  "big_dripleaf_footstep": {
    "category": "block",
    "sounds": [
      {
        "name": "cu:big_dripleaf_footstep",
        "stream": false
      }
    ]
  },
  "big_dripleaf_degat_de_chute": {
    "category": "block",
    "sounds": [
      {
        "name": "cu:big_dripleaf_degat_de_chute",
        "stream": false
      }
    ]
  },
  "big_dripleaf_casse": {
    "category": "block",
    "sounds": [
      {
        "name": "cu:big_dripleaf_casse",
        "stream": false
      }
    ]
  }
}